Evan DePosit
Time,Day 1,Day 2,Day 3,Day 4
11:15 AM,ipad,listening station,Small Group Lesson-Ann ,ipad
11:35 AM,read to self,writing about reading,read to self,read to self
12:40 PM,partner reading,ipad,partner reading,Small Group Lesson-Ann 
1:00 PM,Small Group Lesson-Ann ,Small Group Lesson-Ann ,writing about reading,partner reading
Annie Patzel
Time,Day 1,Day 2,Day 3,Day 4
11:15 AM,Small Group Lesson-Dulce,Small Group Lesson-Ann ,read to self,ipad
11:35 AM,ipad,writing about reading,partner reading,read to self
12:40 PM,read to self,listening station,Small Group Lesson-Ann ,partner reading
1:00 PM,partner reading,ipad,writing about reading,Small Group Lesson-Dulce
Charlie Bolton
Time,Day 1,Day 2,Day 3,Day 4
11:15 AM,ipad,listening station,read to self,ipad
11:35 AM,Small Group Lesson-Reading Specialist,writing about reading,partner reading,Small Group Lesson-Reading Specialist
12:40 PM,read to self,ipad,writing about reading,read to self
1:00 PM,partner reading,Small Group Lesson-Reading Specialist,Small Group Lesson-Ann ,partner reading
Chad Tolleson
Time,Day 1,Day 2,Day 3,Day 4
11:15 AM,Small Group Lesson-Dulce,Small Group Lesson-Ann ,read to self,ipad
11:35 AM,ipad,writing about reading,partner reading,read to self
12:40 PM,read to self,listening station,Small Group Lesson-Ann ,partner reading
1:00 PM,partner reading,ipad,writing about reading,Small Group Lesson-Dulce
Pat  Rademacher
Time,Day 1,Day 2,Day 3,Day 4
11:15 AM,ipad,listening station,read to self,ipad
11:35 AM,Small Group Lesson-Reading Specialist,writing about reading,partner reading,Small Group Lesson-Reading Specialist
12:40 PM,read to self,ipad,writing about reading,read to self
1:00 PM,partner reading,Small Group Lesson-Reading Specialist,Small Group Lesson-Ann ,partner reading
Aidan Wofe
Time,Day 1,Day 2,Day 3,Day 4
11:15 AM,ipad,listening station,Small Group Lesson-Ann ,ipad
11:35 AM,read to self,writing about reading,read to self,read to self
12:40 PM,partner reading,ipad,partner reading,Small Group Lesson-Ann 
1:00 PM,Small Group Lesson-Ann ,Small Group Lesson-Ann ,writing about reading,partner reading
